timestamp,btc_price,up_token_price,down_token_price
2026-07-05T04:15:04Z,62794.00,,
2026-07-05T04:15:05Z,62792.01,0.46,0.54
2026-07-05T04:15:06Z,62792.01,0.46,0.54
2026-07-05T04:15:07Z,62792.01,0.46,0.54
2026-07-05T04:15:08Z,62792.01,0.46,0.54
2026-07-05T04:15:09Z,62792.01,0.46,0.54
2026-07-05T04:15:10Z,62792.00,0.46,0.54
2026-07-05T04:15:11Z,62792.00,0.46,0.54
2026-07-05T04:15:12Z,62792.01,0.46,0.54
2026-07-05T04:15:13Z,62792.01,0.46,0.54
2026-07-05T04:15:14Z,62792.01,0.46,0.54
2026-07-05T04:15:15Z,62792.00,0.46,0.54
2026-07-05T04:15:16Z,62792.01,0.46,0.54
2026-07-05T04:15:17Z,62792.00,0.46,0.54
2026-07-05T04:15:18Z,62792.01,0.46,0.54
2026-07-05T04:15:19Z,62792.01,0.46,0.54
2026-07-05T04:15:20Z,62792.01,0.46,0.54
2026-07-05T04:15:21Z,62792.01,0.46,0.54
2026-07-05T04:15:22Z,62792.00,0.46,0.54
2026-07-05T04:15:23Z,62792.01,0.46,0.54
2026-07-05T04:15:24Z,62792.01,0.46,0.54
2026-07-05T04:15:25Z,62792.01,0.46,0.54
2026-07-05T04:15:26Z,62792.01,0.46,0.54
2026-07-05T04:15:27Z,62792.01,0.46,0.54
2026-07-05T04:15:28Z,62792.00,0.46,0.54
2026-07-05T04:15:29Z,62792.00,0.46,0.54
2026-07-05T04:15:30Z,62792.01,0.46,0.54
2026-07-05T04:15:31Z,62792.01,0.46,0.54
2026-07-05T04:15:32Z,62792.01,0.46,0.54
2026-07-05T04:15:33Z,62792.00,0.46,0.54
2026-07-05T04:15:34Z,62792.00,0.46,0.54
2026-07-05T04:15:35Z,62792.00,0.46,0.54
2026-07-05T04:15:36Z,62792.00,0.46,0.54
2026-07-05T04:15:37Z,62792.01,0.46,0.54
2026-07-05T04:15:38Z,62792.01,0.46,0.54
2026-07-05T04:15:39Z,62792.01,0.46,0.54
2026-07-05T04:15:40Z,62792.01,0.46,0.54
2026-07-05T04:15:41Z,62801.99,0.56,0.45
2026-07-05T04:15:42Z,62801.99,0.56,0.45
2026-07-05T04:15:43Z,62802.11,0.56,0.43
2026-07-05T04:15:44Z,62806.43,0.56,0.43
2026-07-05T04:15:45Z,62806.43,0.56,0.43
2026-07-05T04:15:46Z,62806.44,0.56,0.43
2026-07-05T04:15:47Z,62806.44,0.56,0.43
2026-07-05T04:15:48Z,62806.44,0.56,0.43
2026-07-05T04:15:49Z,62806.43,0.56,0.43
2026-07-05T04:15:50Z,62806.43,0.56,0.43
2026-07-05T04:15:51Z,62806.43,0.57,0.42
2026-07-05T04:15:52Z,62806.44,0.57,0.42
2026-07-05T04:15:53Z,62806.44,0.57,0.42
2026-07-05T04:15:54Z,62806.43,0.57,0.42
2026-07-05T04:15:55Z,62806.43,0.57,0.42
2026-07-05T04:15:56Z,62806.44,0.57,0.42
2026-07-05T04:15:57Z,62806.44,0.56,0.43
2026-07-05T04:15:58Z,62806.44,0.56,0.43
2026-07-05T04:15:59Z,62806.43,0.56,0.43
2026-07-05T04:16:00Z,62806.43,0.56,0.43
2026-07-05T04:16:01Z,62806.44,0.56,0.43
2026-07-05T04:16:02Z,62806.44,0.52,0.48
2026-07-05T04:16:03Z,62803.29,0.52,0.48
2026-07-05T04:16:04Z,62803.29,0.52,0.48
2026-07-05T04:16:05Z,62803.29,0.52,0.48
2026-07-05T04:16:06Z,62803.29,0.52,0.48
2026-07-05T04:16:07Z,62803.29,0.52,0.48
2026-07-05T04:16:08Z,62803.28,0.52,0.48
2026-07-05T04:16:09Z,62803.28,0.52,0.48
2026-07-05T04:16:10Z,62803.28,0.52,0.48
2026-07-05T04:16:11Z,62803.28,0.52,0.48
2026-07-05T04:16:12Z,62803.29,0.52,0.48
2026-07-05T04:16:13Z,62803.29,0.52,0.48
2026-07-05T04:16:14Z,62803.28,0.52,0.48
2026-07-05T04:16:15Z,62803.29,0.52,0.48
2026-07-05T04:16:16Z,62803.29,0.52,0.48
2026-07-05T04:16:17Z,62803.29,0.52,0.48
2026-07-05T04:16:18Z,62803.29,0.52,0.48
2026-07-05T04:16:19Z,62803.29,0.52,0.48
2026-07-05T04:16:20Z,62803.29,0.52,0.48
2026-07-05T04:16:21Z,62803.29,0.52,0.48
2026-07-05T04:16:22Z,62803.29,0.52,0.48
2026-07-05T04:16:23Z,62803.28,0.52,0.48
2026-07-05T04:16:24Z,62803.28,0.52,0.48
2026-07-05T04:16:25Z,62803.28,0.52,0.48
2026-07-05T04:16:26Z,62803.28,0.52,0.48
2026-07-05T04:16:27Z,62797.00,0.47,0.53
2026-07-05T04:16:28Z,62792.00,0.46,0.54
2026-07-05T04:16:29Z,62792.00,0.46,0.54
2026-07-05T04:16:30Z,62792.01,0.46,0.54
2026-07-05T04:16:31Z,62792.01,0.46,0.54
2026-07-05T04:16:32Z,62792.01,0.46,0.54
2026-07-05T04:16:33Z,62792.00,0.46,0.54
2026-07-05T04:16:34Z,62792.00,0.46,0.54
2026-07-05T04:16:35Z,62792.00,0.46,0.54
2026-07-05T04:16:36Z,62792.01,0.46,0.54
2026-07-05T04:16:37Z,62792.01,0.46,0.54
2026-07-05T04:16:38Z,62792.01,0.46,0.54
2026-07-05T04:16:39Z,62792.00,0.46,0.54
2026-07-05T04:16:40Z,62792.00,0.46,0.54
2026-07-05T04:16:41Z,62792.01,0.46,0.54
2026-07-05T04:16:42Z,62792.01,0.46,0.54
2026-07-05T04:16:43Z,62792.01,0.46,0.54
2026-07-05T04:16:44Z,62792.00,0.46,0.54
2026-07-05T04:16:45Z,62792.00,0.46,0.54
2026-07-05T04:16:46Z,62792.01,0.46,0.54
2026-07-05T04:16:47Z,62792.00,0.46,0.54
2026-07-05T04:16:48Z,62792.00,0.46,0.54
2026-07-05T04:16:49Z,62792.00,0.46,0.54
2026-07-05T04:16:50Z,62792.00,0.46,0.54
2026-07-05T04:16:51Z,62792.00,0.46,0.54
2026-07-05T04:16:52Z,62792.00,0.46,0.54
2026-07-05T04:16:53Z,62792.00,0.46,0.54
2026-07-05T04:16:54Z,62792.00,0.46,0.54
2026-07-05T04:16:55Z,62792.00,0.46,0.54
2026-07-05T04:16:56Z,62792.00,0.46,0.54
2026-07-05T04:16:57Z,62792.00,0.46,0.54
2026-07-05T04:16:58Z,62792.01,0.46,0.54
2026-07-05T04:16:59Z,62792.00,0.46,0.54
2026-07-05T04:17:00Z,62792.00,0.46,0.54
2026-07-05T04:17:01Z,62792.00,0.46,0.54
2026-07-05T04:17:02Z,62792.00,0.49,0.51
2026-07-05T04:17:03Z,62792.00,0.49,0.51
2026-07-05T04:17:04Z,62792.00,0.49,0.51
2026-07-05T04:17:05Z,62792.00,0.49,0.51
2026-07-05T04:17:06Z,62792.00,0.51,0.49
2026-07-05T04:17:07Z,62792.01,0.51,0.49
2026-07-05T04:17:08Z,62792.01,0.51,0.49
2026-07-05T04:17:09Z,62792.01,0.51,0.49
2026-07-05T04:17:10Z,62792.01,0.51,0.49
2026-07-05T04:17:11Z,62792.01,0.49,0.51
2026-07-05T04:17:12Z,62792.01,0.49,0.51
2026-07-05T04:17:13Z,62792.01,0.49,0.51
2026-07-05T04:17:14Z,62792.00,0.49,0.51
2026-07-05T04:17:15Z,62792.00,0.49,0.51
2026-07-05T04:17:16Z,62792.00,0.49,0.51
2026-07-05T04:17:17Z,62792.00,0.49,0.51
2026-07-05T04:17:18Z,62792.00,0.49,0.51
2026-07-05T04:17:19Z,62792.01,0.49,0.51
2026-07-05T04:17:20Z,62792.01,0.49,0.51
2026-07-05T04:17:21Z,62792.01,0.49,0.51
2026-07-05T04:17:22Z,62792.01,0.49,0.51
2026-07-05T04:17:23Z,62792.01,0.49,0.51
2026-07-05T04:17:24Z,62792.00,0.49,0.51
2026-07-05T04:17:25Z,62792.01,0.49,0.51
2026-07-05T04:17:26Z,62792.01,0.49,0.51
2026-07-05T04:17:27Z,62792.01,0.49,0.51
2026-07-05T04:17:28Z,62792.01,0.49,0.51
2026-07-05T04:17:29Z,62803.28,0.56,0.43
2026-07-05T04:17:30Z,62803.29,0.56,0.43
2026-07-05T04:17:31Z,62803.29,0.56,0.43
2026-07-05T04:17:32Z,62803.29,0.56,0.43
2026-07-05T04:17:33Z,62803.29,0.56,0.43
2026-07-05T04:17:34Z,62803.28,0.57,0.42
2026-07-05T04:17:35Z,62803.29,0.57,0.42
2026-07-05T04:17:36Z,62803.28,0.57,0.42
2026-07-05T04:17:37Z,62803.29,0.57,0.42
2026-07-05T04:17:38Z,62803.29,0.57,0.42
2026-07-05T04:17:39Z,62803.28,0.57,0.42
2026-07-05T04:17:40Z,62803.28,0.57,0.42
2026-07-05T04:17:41Z,62803.28,0.57,0.42
2026-07-05T04:17:42Z,62803.28,0.57,0.42
2026-07-05T04:17:43Z,62803.29,0.57,0.42
2026-07-05T04:17:44Z,62803.29,0.57,0.42
2026-07-05T04:17:45Z,62803.28,0.58,0.41
2026-07-05T04:17:46Z,62803.29,0.59,0.41
2026-07-05T04:17:47Z,62803.29,0.59,0.41
2026-07-05T04:17:48Z,62803.28,0.59,0.41
2026-07-05T04:17:49Z,62803.28,0.59,0.41
2026-07-05T04:17:50Z,62803.29,0.59,0.41
2026-07-05T04:17:51Z,62803.29,0.59,0.41
2026-07-05T04:17:52Z,62803.29,0.59,0.41
2026-07-05T04:17:53Z,62803.29,0.59,0.41
2026-07-05T04:17:54Z,62803.28,0.59,0.41
2026-07-05T04:17:55Z,62803.29,0.59,0.41
2026-07-05T04:17:56Z,62803.29,0.59,0.41
2026-07-05T04:17:57Z,62803.29,0.59,0.41
2026-07-05T04:17:58Z,62803.29,0.59,0.41
2026-07-05T04:17:59Z,62803.29,0.59,0.41
2026-07-05T04:18:00Z,62803.29,0.59,0.41
2026-07-05T04:18:01Z,62803.28,0.59,0.41
2026-07-05T04:18:02Z,62803.28,0.59,0.41
2026-07-05T04:18:03Z,62806.43,0.59,0.41
2026-07-05T04:18:04Z,62806.43,0.59,0.41
2026-07-05T04:18:05Z,62806.43,0.59,0.41
2026-07-05T04:18:07Z,62806.43,0.59,0.41
2026-07-05T04:18:08Z,62806.43,0.59,0.41
2026-07-05T04:18:09Z,62806.43,0.59,0.41
2026-07-05T04:18:10Z,62815.74,0.66,0.34
2026-07-05T04:18:11Z,62815.74,0.66,0.34
2026-07-05T04:18:12Z,62815.74,0.66,0.34
2026-07-05T04:18:13Z,62815.75,0.66,0.34
2026-07-05T04:18:14Z,62815.75,0.62,0.38
2026-07-05T04:18:15Z,62810.41,0.60,0.40
2026-07-05T04:18:16Z,62810.00,0.57,0.42
2026-07-05T04:18:17Z,62810.00,0.57,0.42
2026-07-05T04:18:18Z,62810.01,0.57,0.42
2026-07-05T04:18:19Z,62810.01,0.57,0.42
2026-07-05T04:18:20Z,62808.01,0.56,0.43
2026-07-05T04:18:21Z,62808.01,0.56,0.43
2026-07-05T04:18:22Z,62808.00,0.56,0.43
2026-07-05T04:18:23Z,62808.01,0.56,0.43
2026-07-05T04:18:24Z,62808.01,0.56,0.43
2026-07-05T04:18:25Z,62808.00,0.56,0.43
2026-07-05T04:18:26Z,62808.00,0.56,0.43
2026-07-05T04:18:27Z,62808.00,0.56,0.43
2026-07-05T04:18:28Z,62808.00,0.56,0.43
2026-07-05T04:18:29Z,62808.00,0.56,0.43
2026-07-05T04:18:30Z,62808.00,0.56,0.43
2026-07-05T04:18:31Z,62808.01,0.56,0.43
2026-07-05T04:18:32Z,62808.00,0.56,0.43
2026-07-05T04:18:33Z,62808.00,0.56,0.43
2026-07-05T04:18:34Z,62808.00,0.56,0.43
2026-07-05T04:18:35Z,62808.00,0.56,0.43
2026-07-05T04:18:36Z,62808.01,0.56,0.43
2026-07-05T04:18:37Z,62808.01,0.56,0.43
2026-07-05T04:18:38Z,62808.01,0.56,0.43
2026-07-05T04:18:39Z,62805.73,0.56,0.43
2026-07-05T04:18:40Z,62805.73,0.56,0.43
2026-07-05T04:18:41Z,62805.73,0.56,0.43
2026-07-05T04:18:42Z,62805.74,0.56,0.43
2026-07-05T04:18:43Z,62805.74,0.56,0.43
2026-07-05T04:18:44Z,62805.74,0.56,0.43
2026-07-05T04:18:45Z,62805.74,0.56,0.43
2026-07-05T04:18:46Z,62805.74,0.56,0.43
2026-07-05T04:18:47Z,62806.75,0.59,0.41
2026-07-05T04:18:48Z,62806.75,0.59,0.41
2026-07-05T04:18:49Z,62806.75,0.59,0.41
2026-07-05T04:18:50Z,62806.75,0.59,0.41
2026-07-05T04:18:51Z,62806.75,0.59,0.41
2026-07-05T04:18:52Z,62806.75,0.59,0.41
2026-07-05T04:18:53Z,62807.99,0.59,0.41
2026-07-05T04:18:54Z,62807.99,0.59,0.41
2026-07-05T04:18:55Z,62807.98,0.59,0.41
2026-07-05T04:18:56Z,62807.98,0.59,0.41
2026-07-05T04:18:57Z,62807.98,0.59,0.41
2026-07-05T04:18:58Z,62807.99,0.59,0.41
2026-07-05T04:18:59Z,62807.99,0.59,0.41
2026-07-05T04:19:00Z,62807.99,0.59,0.41
2026-07-05T04:19:01Z,62807.99,0.59,0.41
2026-07-05T04:19:02Z,62807.99,0.59,0.41
2026-07-05T04:19:03Z,62807.98,0.59,0.41
2026-07-05T04:19:04Z,62807.98,0.59,0.41
2026-07-05T04:19:05Z,62807.98,0.59,0.41
2026-07-05T04:19:06Z,62807.99,0.59,0.41
2026-07-05T04:19:07Z,62807.98,0.59,0.41
2026-07-05T04:19:08Z,62807.98,0.60,0.40
2026-07-05T04:19:09Z,62807.98,0.60,0.40
2026-07-05T04:19:10Z,62807.98,0.61,0.39
2026-07-05T04:19:11Z,62807.98,0.61,0.39
2026-07-05T04:19:12Z,62807.98,0.61,0.39
2026-07-05T04:19:13Z,62807.99,0.61,0.39
2026-07-05T04:19:14Z,62807.99,0.61,0.39
2026-07-05T04:19:15Z,62807.99,0.61,0.39
2026-07-05T04:19:16Z,62807.99,0.61,0.39
2026-07-05T04:19:17Z,62809.26,0.64,0.36
2026-07-05T04:19:18Z,62810.00,0.64,0.36
2026-07-05T04:19:19Z,62809.99,0.65,0.35
2026-07-05T04:19:20Z,62809.99,0.65,0.35
2026-07-05T04:19:21Z,62809.99,0.66,0.34
2026-07-05T04:19:22Z,62810.00,0.66,0.34
2026-07-05T04:19:23Z,62810.00,0.66,0.34
2026-07-05T04:19:24Z,62810.00,0.65,0.35
2026-07-05T04:19:25Z,62810.00,0.65,0.35
2026-07-05T04:19:26Z,62809.99,0.65,0.35
2026-07-05T04:19:27Z,62810.00,0.65,0.35
2026-07-05T04:19:28Z,62810.00,0.65,0.35
2026-07-05T04:19:29Z,62810.00,0.65,0.35
2026-07-05T04:19:30Z,62810.00,0.65,0.35
2026-07-05T04:19:31Z,62810.00,0.65,0.35
2026-07-05T04:19:32Z,62809.99,0.65,0.35
2026-07-05T04:19:33Z,62810.00,0.65,0.35
2026-07-05T04:19:34Z,62809.99,0.65,0.35
2026-07-05T04:19:35Z,62809.99,0.64,0.36
2026-07-05T04:19:36Z,62809.99,0.64,0.36
2026-07-05T04:19:37Z,62810.00,0.69,0.30
2026-07-05T04:19:38Z,62815.69,0.70,0.29
2026-07-05T04:19:39Z,62816.00,0.70,0.29
2026-07-05T04:19:40Z,62816.00,0.70,0.29
2026-07-05T04:19:41Z,62816.00,0.69,0.30
2026-07-05T04:19:42Z,62816.00,0.69,0.30
2026-07-05T04:19:43Z,62816.00,0.69,0.30
2026-07-05T04:19:44Z,62816.00,0.69,0.30
2026-07-05T04:19:45Z,62816.00,0.69,0.30
2026-07-05T04:19:46Z,62816.00,0.69,0.30
2026-07-05T04:19:47Z,62816.00,0.69,0.30
2026-07-05T04:19:48Z,62816.00,0.69,0.30
2026-07-05T04:19:49Z,62816.00,0.69,0.30
2026-07-05T04:19:50Z,62816.00,0.69,0.30
2026-07-05T04:19:51Z,62816.00,0.69,0.30
2026-07-05T04:19:52Z,62815.99,0.69,0.30
2026-07-05T04:19:53Z,62815.99,0.69,0.30
2026-07-05T04:19:54Z,62815.99,0.69,0.30
2026-07-05T04:19:55Z,62815.99,0.69,0.30
2026-07-05T04:19:56Z,62815.99,0.69,0.30
2026-07-05T04:19:57Z,62815.99,0.69,0.30
2026-07-05T04:19:58Z,62815.99,0.69,0.30
2026-07-05T04:19:59Z,62815.99,0.69,0.30
2026-07-05T04:20:00Z,62815.99,0.69,0.30
2026-07-05T04:20:01Z,62815.99,0.69,0.32
2026-07-05T04:20:02Z,62823.20,0.70,0.29
2026-07-05T04:20:03Z,62823.20,0.71,0.29
2026-07-05T04:20:04Z,62823.20,0.71,0.29
2026-07-05T04:20:05Z,62823.20,0.71,0.29
2026-07-05T04:20:06Z,62823.19,0.71,0.29
2026-07-05T04:20:07Z,62823.20,0.72,0.28
2026-07-05T04:20:08Z,62823.20,0.72,0.28
2026-07-05T04:20:09Z,62823.19,0.72,0.28
2026-07-05T04:20:10Z,62823.20,0.72,0.28
2026-07-05T04:20:11Z,62823.20,0.72,0.28
2026-07-05T04:20:12Z,62823.20,0.72,0.28
2026-07-05T04:20:13Z,62823.20,0.72,0.28
2026-07-05T04:20:14Z,62823.20,0.72,0.28
2026-07-05T04:20:15Z,62823.19,0.72,0.28
2026-07-05T04:20:16Z,62823.20,0.72,0.28
2026-07-05T04:20:17Z,62823.20,0.72,0.28
2026-07-05T04:20:18Z,62823.20,0.72,0.28
2026-07-05T04:20:19Z,62823.20,0.72,0.28
2026-07-05T04:20:20Z,62823.20,0.72,0.28
2026-07-05T04:20:21Z,62836.44,0.81,0.19
2026-07-05T04:20:22Z,62833.62,0.80,0.21
2026-07-05T04:20:23Z,62833.62,0.80,0.21
2026-07-05T04:20:24Z,62833.62,0.80,0.21
2026-07-05T04:20:25Z,62833.62,0.80,0.21
2026-07-05T04:20:26Z,62833.62,0.79,0.21
2026-07-05T04:20:27Z,62833.63,0.79,0.21
2026-07-05T04:20:28Z,62833.63,0.79,0.21
2026-07-05T04:20:29Z,62833.63,0.79,0.21
2026-07-05T04:20:30Z,62833.63,0.79,0.21
2026-07-05T04:20:31Z,62833.63,0.81,0.19
2026-07-05T04:20:32Z,62833.63,0.82,0.17
2026-07-05T04:20:33Z,62833.63,0.82,0.17
2026-07-05T04:20:34Z,62833.63,0.82,0.17
2026-07-05T04:20:35Z,62833.63,0.82,0.17
2026-07-05T04:20:36Z,62833.63,0.81,0.20
2026-07-05T04:20:37Z,62833.63,0.81,0.20
2026-07-05T04:20:38Z,62833.63,0.81,0.18
2026-07-05T04:20:39Z,62833.63,0.81,0.18
2026-07-05T04:20:40Z,62833.63,0.81,0.18
2026-07-05T04:20:41Z,62833.63,0.81,0.18
2026-07-05T04:20:42Z,62833.62,0.81,0.18
2026-07-05T04:20:43Z,62833.62,0.81,0.18
2026-07-05T04:20:44Z,62833.63,0.81,0.18
2026-07-05T04:20:45Z,62833.63,0.81,0.18
2026-07-05T04:20:46Z,62833.63,0.81,0.18
2026-07-05T04:20:47Z,62833.62,0.81,0.18
2026-07-05T04:20:48Z,62833.62,0.81,0.18
2026-07-05T04:20:49Z,62833.62,0.81,0.18
2026-07-05T04:20:50Z,62833.62,0.81,0.18
2026-07-05T04:20:51Z,62833.62,0.81,0.18
2026-07-05T04:20:52Z,62833.62,0.81,0.18
2026-07-05T04:20:53Z,62833.63,0.81,0.18
2026-07-05T04:20:54Z,62833.63,0.81,0.18
2026-07-05T04:20:55Z,62833.63,0.81,0.18
2026-07-05T04:20:56Z,62833.63,0.81,0.18
2026-07-05T04:20:57Z,62833.63,0.81,0.18
2026-07-05T04:20:58Z,62833.63,0.81,0.18
2026-07-05T04:20:59Z,62833.62,0.81,0.18
2026-07-05T04:21:00Z,62833.63,0.81,0.18
2026-07-05T04:21:01Z,62833.63,0.82,0.17
2026-07-05T04:21:02Z,62833.63,0.82,0.17
2026-07-05T04:21:03Z,62833.63,0.82,0.17
2026-07-05T04:21:04Z,62833.63,0.82,0.17
2026-07-05T04:21:05Z,62833.63,0.82,0.17
2026-07-05T04:21:06Z,62833.63,0.82,0.17
2026-07-05T04:21:07Z,62833.63,0.83,0.17
2026-07-05T04:21:08Z,62839.48,0.83,0.17
2026-07-05T04:21:09Z,62839.48,0.83,0.17
2026-07-05T04:21:10Z,62839.48,0.83,0.17
2026-07-05T04:21:11Z,62839.49,0.85,0.15
2026-07-05T04:21:12Z,62855.99,0.90,0.11
2026-07-05T04:21:13Z,62855.99,0.91,0.10
2026-07-05T04:21:14Z,62856.00,0.91,0.10
2026-07-05T04:21:15Z,62856.00,0.91,0.10
2026-07-05T04:21:16Z,62856.00,0.91,0.10
2026-07-05T04:21:17Z,62856.00,0.91,0.10
2026-07-05T04:21:18Z,62856.00,0.91,0.10
2026-07-05T04:21:19Z,62855.99,0.50,0.50
2026-07-05T04:21:20Z,62856.00,0.91,0.10
2026-07-05T04:21:21Z,62856.00,0.91,0.10
2026-07-05T04:21:22Z,62855.99,0.91,0.10
2026-07-05T04:21:23Z,62855.99,0.92,0.08
2026-07-05T04:21:24Z,62855.99,0.92,0.08
2026-07-05T04:21:25Z,62855.99,0.92,0.08
2026-07-05T04:21:26Z,62855.99,0.92,0.08
2026-07-05T04:21:27Z,62855.99,0.92,0.08
2026-07-05T04:21:28Z,62855.99,0.92,0.08
2026-07-05T04:21:29Z,62855.99,0.92,0.08
2026-07-05T04:21:30Z,62856.00,0.92,0.08
2026-07-05T04:21:31Z,62848.01,0.88,0.12
2026-07-05T04:21:32Z,62844.11,0.86,0.14
2026-07-05T04:21:33Z,62844.11,0.88,0.12
2026-07-05T04:21:34Z,62844.11,0.88,0.12
2026-07-05T04:21:35Z,62844.10,0.88,0.12
2026-07-05T04:21:36Z,62844.11,0.88,0.12
2026-07-05T04:21:37Z,62844.11,0.88,0.12
2026-07-05T04:21:38Z,62844.10,0.88,0.12
2026-07-05T04:21:39Z,62844.10,0.88,0.12
2026-07-05T04:21:40Z,62844.11,0.88,0.12
2026-07-05T04:21:41Z,62844.10,0.88,0.12
2026-07-05T04:21:42Z,62844.10,0.88,0.12
2026-07-05T04:21:43Z,62844.10,0.89,0.11
2026-07-05T04:21:44Z,62844.10,0.89,0.11
2026-07-05T04:21:45Z,62844.11,0.90,0.11
2026-07-05T04:21:46Z,62844.11,0.90,0.11
2026-07-05T04:21:47Z,62844.11,0.90,0.11
2026-07-05T04:21:48Z,62844.11,0.90,0.11
2026-07-05T04:21:49Z,62847.13,0.91,0.10
2026-07-05T04:21:50Z,62847.13,0.92,0.08
2026-07-05T04:21:51Z,62853.07,0.92,0.08
2026-07-05T04:21:52Z,62853.08,0.92,0.08
2026-07-05T04:21:53Z,62853.08,0.92,0.08
2026-07-05T04:21:54Z,62853.08,0.92,0.08
2026-07-05T04:21:55Z,62853.07,0.93,0.08
2026-07-05T04:21:56Z,62855.99,0.93,0.08
2026-07-05T04:21:57Z,62855.99,0.93,0.08
2026-07-05T04:21:58Z,62855.99,0.93,0.08
2026-07-05T04:21:59Z,62855.99,0.93,0.08
2026-07-05T04:22:00Z,62856.00,0.93,0.08
2026-07-05T04:22:01Z,62856.00,0.93,0.08
2026-07-05T04:22:02Z,62855.99,0.93,0.08
2026-07-05T04:22:03Z,62855.99,0.94,0.07
2026-07-05T04:22:04Z,62855.99,0.94,0.07
2026-07-05T04:22:05Z,62856.00,0.94,0.07
2026-07-05T04:22:06Z,62855.99,0.94,0.07
2026-07-05T04:22:07Z,62853.30,0.92,0.08
2026-07-05T04:22:08Z,62853.30,0.92,0.08
2026-07-05T04:22:09Z,62853.29,0.92,0.08
2026-07-05T04:22:10Z,62853.29,0.92,0.08
2026-07-05T04:22:11Z,62853.29,0.94,0.07
2026-07-05T04:22:12Z,62853.29,0.94,0.07
2026-07-05T04:22:13Z,62853.30,0.94,0.07
2026-07-05T04:22:14Z,62853.30,0.94,0.07
2026-07-05T04:22:15Z,62853.30,0.94,0.07
2026-07-05T04:22:16Z,62853.30,0.94,0.07
2026-07-05T04:22:17Z,62853.30,0.94,0.07
2026-07-05T04:22:18Z,62853.30,0.94,0.07
2026-07-05T04:22:19Z,62853.30,0.94,0.07
2026-07-05T04:22:20Z,62853.30,0.94,0.07
2026-07-05T04:22:21Z,62853.30,0.94,0.07
2026-07-05T04:22:22Z,62853.30,0.94,0.07
2026-07-05T04:22:23Z,62853.30,0.94,0.07
2026-07-05T04:22:24Z,62853.29,0.94,0.07
2026-07-05T04:22:25Z,62853.30,0.94,0.07
2026-07-05T04:22:26Z,62853.30,0.94,0.07
2026-07-05T04:22:27Z,62853.30,0.94,0.07
2026-07-05T04:22:28Z,62853.30,0.94,0.07
2026-07-05T04:22:29Z,62853.29,0.94,0.07
2026-07-05T04:22:30Z,62853.30,0.94,0.07
2026-07-05T04:22:31Z,62853.30,0.93,0.08
2026-07-05T04:22:32Z,62853.30,0.93,0.08
2026-07-05T04:22:33Z,62853.29,0.93,0.08
2026-07-05T04:22:34Z,62853.29,0.93,0.08
2026-07-05T04:22:35Z,62853.30,0.93,0.08
2026-07-05T04:22:36Z,62853.30,0.93,0.08
2026-07-05T04:22:37Z,62853.30,0.93,0.08
2026-07-05T04:22:38Z,62853.29,0.93,0.08
2026-07-05T04:22:39Z,62853.29,0.93,0.08
2026-07-05T04:22:40Z,62853.29,0.93,0.08
2026-07-05T04:22:41Z,62853.30,0.93,0.08
2026-07-05T04:22:42Z,62853.30,0.93,0.08
2026-07-05T04:22:43Z,62853.30,0.93,0.08
2026-07-05T04:22:44Z,62853.30,0.93,0.08
2026-07-05T04:22:45Z,62853.30,0.93,0.08
2026-07-05T04:22:46Z,62853.29,0.93,0.08
2026-07-05T04:22:47Z,62848.36,0.91,0.10
2026-07-05T04:22:48Z,62848.00,0.91,0.10
2026-07-05T04:22:49Z,62848.00,0.91,0.10
2026-07-05T04:22:50Z,62838.01,0.86,0.14
2026-07-05T04:22:51Z,62826.89,0.80,0.21
2026-07-05T04:22:52Z,62826.90,0.80,0.21
2026-07-05T04:22:53Z,62826.90,0.80,0.21
2026-07-05T04:22:54Z,62826.90,0.80,0.21
2026-07-05T04:22:55Z,62826.90,0.81,0.18
2026-07-05T04:22:56Z,62826.90,0.82,0.17
2026-07-05T04:22:57Z,62826.90,0.82,0.17
2026-07-05T04:22:58Z,62826.90,0.83,0.17
2026-07-05T04:22:59Z,62833.99,0.89,0.11
2026-07-05T04:23:00Z,62834.00,0.89,0.11
2026-07-05T04:23:01Z,62834.00,0.88,0.12
2026-07-05T04:23:02Z,62834.00,0.88,0.12
2026-07-05T04:23:03Z,62834.00,0.89,0.11
2026-07-05T04:23:04Z,62835.99,0.90,0.11
2026-07-05T04:23:05Z,62836.00,0.90,0.11
2026-07-05T04:23:06Z,62836.00,0.90,0.11
2026-07-05T04:23:07Z,62836.00,0.90,0.11
2026-07-05T04:23:08Z,62836.00,0.90,0.11
2026-07-05T04:23:09Z,62835.99,0.90,0.11
2026-07-05T04:23:10Z,62843.94,0.90,0.11
2026-07-05T04:23:11Z,62843.95,0.92,0.08
2026-07-05T04:23:12Z,62843.95,0.92,0.08
2026-07-05T04:23:13Z,62844.00,0.90,0.11
2026-07-05T04:23:14Z,62844.01,0.90,0.11
2026-07-05T04:23:15Z,62844.01,0.90,0.11
2026-07-05T04:23:16Z,62848.00,0.92,0.08
2026-07-05T04:23:17Z,62848.00,0.92,0.08
2026-07-05T04:23:18Z,62848.00,0.92,0.08
2026-07-05T04:23:19Z,62848.00,0.91,0.10
2026-07-05T04:23:20Z,62848.01,0.91,0.10
2026-07-05T04:23:21Z,62848.01,0.91,0.10
2026-07-05T04:23:22Z,62848.01,0.91,0.10
2026-07-05T04:23:23Z,62848.01,0.91,0.10
2026-07-05T04:23:24Z,62848.00,0.91,0.10
2026-07-05T04:23:25Z,62848.00,0.91,0.10
2026-07-05T04:23:26Z,62848.82,0.94,0.07
2026-07-05T04:23:27Z,62848.82,0.94,0.07
2026-07-05T04:23:29Z,62848.82,0.94,0.07
2026-07-05T04:23:30Z,62848.82,0.94,0.07
2026-07-05T04:23:31Z,62848.83,0.94,0.07
2026-07-05T04:23:32Z,62848.82,0.94,0.07
2026-07-05T04:23:33Z,62848.83,0.94,0.07
2026-07-05T04:23:34Z,62848.83,0.93,0.08
2026-07-05T04:23:35Z,62848.82,0.93,0.08
2026-07-05T04:23:36Z,62848.82,0.93,0.08
2026-07-05T04:23:37Z,62848.82,0.93,0.08
2026-07-05T04:23:38Z,62848.83,0.93,0.08
2026-07-05T04:23:39Z,62848.83,0.93,0.08
2026-07-05T04:23:40Z,62848.83,0.93,0.08
2026-07-05T04:23:41Z,62848.83,0.93,0.08
2026-07-05T04:23:42Z,62848.83,0.93,0.08
2026-07-05T04:23:43Z,62848.82,0.93,0.08
2026-07-05T04:23:44Z,62848.82,0.93,0.08
2026-07-05T04:23:45Z,62848.83,0.93,0.08
2026-07-05T04:23:46Z,62848.83,0.93,0.08
2026-07-05T04:23:47Z,62848.83,0.93,0.08
2026-07-05T04:23:48Z,62848.83,0.93,0.08
2026-07-05T04:23:49Z,62848.83,0.93,0.08
2026-07-05T04:23:50Z,62848.83,0.93,0.08
2026-07-05T04:23:51Z,62848.83,0.93,0.08
2026-07-05T04:23:52Z,62848.83,0.93,0.08
2026-07-05T04:23:53Z,62848.83,0.93,0.08
2026-07-05T04:23:54Z,62848.83,0.93,0.08
2026-07-05T04:23:55Z,62848.83,0.93,0.08
2026-07-05T04:23:56Z,62848.83,0.93,0.08
2026-07-05T04:23:57Z,62848.83,0.90,0.11
2026-07-05T04:23:58Z,62840.26,0.90,0.11
2026-07-05T04:23:59Z,62840.26,0.90,0.11
2026-07-05T04:24:00Z,62840.26,0.90,0.11
2026-07-05T04:24:01Z,62840.26,0.90,0.11
2026-07-05T04:24:02Z,62840.25,0.88,0.12
2026-07-05T04:24:03Z,62840.26,0.88,0.12
2026-07-05T04:24:04Z,62840.26,0.88,0.12
2026-07-05T04:24:05Z,62840.26,0.88,0.12
2026-07-05T04:24:06Z,62840.26,0.88,0.12
2026-07-05T04:24:07Z,62840.25,0.88,0.12
2026-07-05T04:24:08Z,62840.25,0.89,0.11
2026-07-05T04:24:09Z,62840.26,0.89,0.11
2026-07-05T04:24:10Z,62840.26,0.50,0.50
2026-07-05T04:24:11Z,62840.26,0.89,0.11
2026-07-05T04:24:12Z,62840.25,0.89,0.11
2026-07-05T04:24:13Z,62840.26,0.89,0.11
2026-07-05T04:24:14Z,62840.25,0.89,0.11
2026-07-05T04:24:15Z,62840.25,0.90,0.11
2026-07-05T04:24:16Z,62840.25,0.91,0.10
2026-07-05T04:24:17Z,62840.25,0.50,0.50
2026-07-05T04:24:18Z,62840.26,0.91,0.10
2026-07-05T04:24:19Z,62840.26,0.91,0.10
2026-07-05T04:24:20Z,62845.47,0.91,0.10
2026-07-05T04:24:21Z,62845.47,0.91,0.10
2026-07-05T04:24:22Z,62845.47,0.91,0.10
2026-07-05T04:24:23Z,62845.46,0.92,0.08
2026-07-05T04:24:24Z,62845.46,0.92,0.08
2026-07-05T04:24:25Z,62845.47,0.92,0.08
2026-07-05T04:24:26Z,62845.47,0.92,0.08
2026-07-05T04:24:27Z,62845.47,0.92,0.08
2026-07-05T04:24:28Z,62845.47,0.92,0.08
2026-07-05T04:24:29Z,62845.47,0.92,0.08
2026-07-05T04:24:30Z,62845.47,0.92,0.08
2026-07-05T04:24:31Z,62845.46,0.92,0.08
2026-07-05T04:24:32Z,62845.46,0.92,0.08
2026-07-05T04:24:33Z,62845.46,0.92,0.08
2026-07-05T04:24:34Z,62845.47,0.92,0.08
2026-07-05T04:24:35Z,62845.47,0.92,0.08
2026-07-05T04:24:36Z,62845.46,0.92,0.08
2026-07-05T04:24:37Z,62845.46,0.93,0.08
2026-07-05T04:24:38Z,62845.46,0.93,0.08
2026-07-05T04:24:39Z,62845.46,0.93,0.08
2026-07-05T04:24:40Z,62845.46,0.93,0.08
2026-07-05T04:24:41Z,62845.46,0.93,0.08
2026-07-05T04:24:42Z,62845.46,0.93,0.08
2026-07-05T04:24:43Z,62845.46,0.95,0.04
2026-07-05T04:24:44Z,62878.17,0.96,0.04
2026-07-05T04:24:45Z,62878.17,0.96,0.04
2026-07-05T04:24:46Z,62878.17,0.96,0.04
2026-07-05T04:24:47Z,62876.10,0.97,0.03
2026-07-05T04:24:48Z,62872.00,0.96,0.04
2026-07-05T04:24:49Z,62872.00,0.96,0.04
2026-07-05T04:24:50Z,62872.00,0.96,0.04
2026-07-05T04:24:51Z,62872.00,0.96,0.04
2026-07-05T04:24:52Z,62872.00,0.96,0.04
2026-07-05T04:24:53Z,62872.01,0.96,0.04
2026-07-05T04:24:54Z,62872.01,0.96,0.04
2026-07-05T04:24:55Z,62872.01,0.96,0.04
2026-07-05T04:24:56Z,62872.01,0.96,0.04
2026-07-05T04:24:57Z,62872.01,0.96,0.04
2026-07-05T04:24:58Z,62872.01,0.97,0.03
2026-07-05T04:24:59Z,62872.00,0.97,0.03
2026-07-05T04:25:00Z,62872.00,0.97,0.03
2026-07-05T04:25:01Z,62872.01,0.97,0.03
2026-07-05T04:25:02Z,62872.01,0.97,0.03
2026-07-05T04:25:03Z,62872.00,0.97,0.03
2026-07-05T04:25:04Z,62872.00,0.97,0.03
2026-07-05T04:25:05Z,62872.00,0.97,0.03
2026-07-05T04:25:06Z,62872.00,0.97,0.03
2026-07-05T04:25:07Z,62872.01,0.97,0.03
2026-07-05T04:25:08Z,62872.01,0.97,0.03
2026-07-05T04:25:09Z,62872.00,0.97,0.03
2026-07-05T04:25:10Z,62872.00,0.97,0.03
2026-07-05T04:25:11Z,62872.01,0.97,0.03
2026-07-05T04:25:12Z,62872.00,0.97,0.03
2026-07-05T04:25:13Z,62872.01,0.97,0.03
2026-07-05T04:25:14Z,62872.01,0.97,0.03
2026-07-05T04:25:15Z,62872.01,0.97,0.03
2026-07-05T04:25:16Z,62872.01,0.97,0.03
2026-07-05T04:25:17Z,62872.01,0.97,0.03
2026-07-05T04:25:18Z,62872.01,0.97,0.03
2026-07-05T04:25:19Z,62872.01,0.97,0.03
2026-07-05T04:25:20Z,62872.00,0.97,0.03
2026-07-05T04:25:21Z,62872.00,0.97,0.03
2026-07-05T04:25:22Z,62872.00,0.97,0.03
2026-07-05T04:25:23Z,62872.01,0.97,0.03
2026-07-05T04:25:24Z,62872.00,0.97,0.03
2026-07-05T04:25:25Z,62872.00,0.97,0.03
2026-07-05T04:25:26Z,62872.00,0.97,0.03
2026-07-05T04:25:27Z,62872.00,0.97,0.03
2026-07-05T04:25:28Z,62872.00,0.97,0.03
2026-07-05T04:25:29Z,62872.00,0.97,0.03
2026-07-05T04:25:30Z,62872.01,0.97,0.03
2026-07-05T04:25:31Z,62872.01,0.97,0.03
2026-07-05T04:25:32Z,62872.01,0.97,0.03
2026-07-05T04:25:33Z,62872.01,0.97,0.03
2026-07-05T04:25:34Z,62872.01,0.97,0.03
2026-07-05T04:25:35Z,62872.01,0.97,0.03
2026-07-05T04:25:36Z,62872.01,0.97,0.03
2026-07-05T04:25:37Z,62872.01,0.97,0.03
2026-07-05T04:25:38Z,62872.01,0.97,0.03
2026-07-05T04:25:39Z,62872.00,0.97,0.03
2026-07-05T04:25:40Z,62872.01,0.97,0.03
2026-07-05T04:25:41Z,62872.01,0.97,0.03
2026-07-05T04:25:42Z,62872.01,0.97,0.03
2026-07-05T04:25:43Z,62872.01,0.97,0.03
2026-07-05T04:25:44Z,62872.01,0.97,0.03
2026-07-05T04:25:45Z,62872.01,0.97,0.03
2026-07-05T04:25:46Z,62872.01,0.97,0.03
2026-07-05T04:25:47Z,62872.00,0.97,0.03
2026-07-05T04:25:48Z,62872.01,0.97,0.03
2026-07-05T04:25:49Z,62872.01,0.97,0.03
2026-07-05T04:25:50Z,62872.01,0.97,0.03
2026-07-05T04:25:51Z,62872.01,0.97,0.03
2026-07-05T04:25:52Z,62872.01,0.97,0.03
2026-07-05T04:25:53Z,62872.01,0.97,0.03
2026-07-05T04:25:54Z,62872.01,0.97,0.03
2026-07-05T04:25:55Z,62872.01,0.97,0.03
2026-07-05T04:25:56Z,62872.00,0.97,0.03
2026-07-05T04:25:57Z,62872.00,0.97,0.03
2026-07-05T04:25:58Z,62872.00,0.97,0.03
2026-07-05T04:25:59Z,62872.00,0.97,0.03
2026-07-05T04:26:00Z,62872.00,0.97,0.03
2026-07-05T04:26:01Z,62870.02,0.97,0.03
2026-07-05T04:26:02Z,62870.01,0.97,0.03
2026-07-05T04:26:03Z,62870.01,0.97,0.03
2026-07-05T04:26:04Z,62870.01,0.97,0.03
2026-07-05T04:26:05Z,62870.01,0.97,0.03
2026-07-05T04:26:06Z,62870.01,0.97,0.03
2026-07-05T04:26:07Z,62870.01,0.97,0.03
2026-07-05T04:26:08Z,62870.00,0.97,0.03
2026-07-05T04:26:09Z,62870.00,0.97,0.03
2026-07-05T04:26:10Z,62870.00,0.97,0.03
2026-07-05T04:26:11Z,62870.00,0.97,0.03
2026-07-05T04:26:12Z,62870.01,0.97,0.03
2026-07-05T04:26:13Z,62870.00,0.97,0.03
2026-07-05T04:26:14Z,62870.00,0.97,0.03
2026-07-05T04:26:15Z,62870.00,0.97,0.03
2026-07-05T04:26:16Z,62870.00,0.97,0.03
2026-07-05T04:26:17Z,62870.01,0.97,0.03
2026-07-05T04:26:18Z,62870.00,0.97,0.03
2026-07-05T04:26:19Z,62870.01,0.97,0.03
2026-07-05T04:26:20Z,62870.00,0.98,0.02
2026-07-05T04:26:21Z,62870.00,0.98,0.01
2026-07-05T04:26:22Z,62870.01,0.98,0.01
2026-07-05T04:26:23Z,62870.01,0.98,0.01
2026-07-05T04:26:24Z,62870.01,0.98,0.01
2026-07-05T04:26:25Z,62870.01,0.98,0.01
2026-07-05T04:26:26Z,62870.01,0.98,0.01
2026-07-05T04:26:27Z,62870.01,0.98,0.01
2026-07-05T04:26:28Z,62870.01,0.98,0.01
2026-07-05T04:26:29Z,62870.01,0.98,0.01
2026-07-05T04:26:30Z,62870.01,0.98,0.01
2026-07-05T04:26:31Z,62870.01,0.98,0.01
2026-07-05T04:26:32Z,62870.01,0.98,0.01
2026-07-05T04:26:33Z,62870.00,0.98,0.01
2026-07-05T04:26:34Z,62870.01,0.98,0.01
2026-07-05T04:26:35Z,62870.01,0.98,0.01
2026-07-05T04:26:36Z,62870.00,0.98,0.01
2026-07-05T04:26:37Z,62870.00,0.99,0.01
2026-07-05T04:26:38Z,62870.00,0.99,0.01
2026-07-05T04:26:39Z,62870.01,0.99,0.01
2026-07-05T04:26:40Z,62870.00,0.99,0.01
2026-07-05T04:26:41Z,62870.00,0.99,0.01
2026-07-05T04:26:42Z,62870.00,0.99,0.01
2026-07-05T04:26:43Z,62870.00,0.99,0.01
2026-07-05T04:26:44Z,62870.00,0.99,0.01
2026-07-05T04:26:45Z,62870.01,0.99,0.01
2026-07-05T04:26:46Z,62870.01,0.99,0.01
2026-07-05T04:26:47Z,62870.01,0.99,0.01
2026-07-05T04:26:48Z,62870.01,0.99,0.01
2026-07-05T04:26:49Z,62870.01,0.99,0.01
2026-07-05T04:26:50Z,62870.01,0.99,0.01
2026-07-05T04:26:51Z,62870.01,0.99,0.01
2026-07-05T04:26:52Z,62870.01,0.99,0.01
2026-07-05T04:26:53Z,62870.01,0.99,0.01
2026-07-05T04:26:54Z,62870.01,0.99,0.01
2026-07-05T04:26:55Z,62856.69,0.99,0.01
2026-07-05T04:26:56Z,62856.69,0.97,0.03
2026-07-05T04:26:57Z,62856.69,0.97,0.03
2026-07-05T04:26:58Z,62856.69,0.97,0.03
2026-07-05T04:26:59Z,62856.68,0.97,0.03
2026-07-05T04:27:00Z,62856.68,0.97,0.03
2026-07-05T04:27:01Z,62852.45,0.97,0.03
2026-07-05T04:27:02Z,62852.45,0.97,0.03
2026-07-05T04:27:03Z,62852.45,0.97,0.03
2026-07-05T04:27:04Z,62852.45,0.97,0.03
2026-07-05T04:27:05Z,62852.45,0.97,0.03
2026-07-05T04:27:06Z,62852.45,0.97,0.03
2026-07-05T04:27:07Z,62852.45,0.98,0.02
2026-07-05T04:27:08Z,62863.79,0.98,0.02
2026-07-05T04:27:09Z,62863.92,0.98,0.02
2026-07-05T04:27:10Z,62863.91,0.98,0.02
2026-07-05T04:27:11Z,62861.21,0.98,0.02
2026-07-05T04:27:12Z,62861.21,0.98,0.02
2026-07-05T04:27:13Z,62856.43,0.98,0.02
2026-07-05T04:27:14Z,62856.44,0.98,0.02
2026-07-05T04:27:15Z,62856.43,0.98,0.02
2026-07-05T04:27:16Z,62856.43,0.97,0.03
2026-07-05T04:27:17Z,62856.43,0.97,0.03
2026-07-05T04:27:18Z,62856.43,0.98,0.02
2026-07-05T04:27:19Z,62856.44,0.98,0.02
2026-07-05T04:27:20Z,62856.43,0.98,0.02
2026-07-05T04:27:21Z,62856.43,0.98,0.02
2026-07-05T04:27:22Z,62856.43,0.98,0.02
2026-07-05T04:27:23Z,62856.43,0.99,0.01
2026-07-05T04:27:24Z,62856.44,0.99,0.01
2026-07-05T04:27:25Z,62856.43,0.98,0.01
2026-07-05T04:27:26Z,62856.44,0.98,0.01
2026-07-05T04:27:27Z,62856.44,0.98,0.01
2026-07-05T04:27:28Z,62856.43,0.98,0.01
2026-07-05T04:27:29Z,62856.43,0.98,0.01
2026-07-05T04:27:30Z,62856.44,0.98,0.01
2026-07-05T04:27:31Z,62856.44,0.98,0.01
2026-07-05T04:27:32Z,62856.44,0.98,0.01
2026-07-05T04:27:33Z,62856.43,0.99,0.01
2026-07-05T04:27:34Z,62856.43,0.99,0.01
2026-07-05T04:27:35Z,62856.43,0.99,0.01
2026-07-05T04:27:36Z,62858.87,0.99,0.01
2026-07-05T04:27:37Z,62858.87,0.99,0.01
2026-07-05T04:27:38Z,62858.87,0.99,0.01
2026-07-05T04:27:39Z,62858.88,0.99,0.01
2026-07-05T04:27:40Z,62858.87,0.99,0.01
2026-07-05T04:27:41Z,62858.87,0.99,0.01
2026-07-05T04:27:42Z,62858.88,0.99,0.01
2026-07-05T04:27:43Z,62858.88,0.99,0.01
2026-07-05T04:27:44Z,62858.88,0.99,0.01
2026-07-05T04:27:45Z,62858.88,0.99,0.01
2026-07-05T04:27:46Z,62858.87,0.99,0.01
2026-07-05T04:27:47Z,62858.88,0.99,0.01
2026-07-05T04:27:48Z,62858.88,0.99,0.01
2026-07-05T04:27:49Z,62859.99,0.99,0.01
2026-07-05T04:27:50Z,62860.00,0.99,0.01
2026-07-05T04:27:51Z,62860.00,0.99,0.01
2026-07-05T04:27:52Z,62860.00,0.99,0.01
2026-07-05T04:27:53Z,62860.00,0.99,0.01
2026-07-05T04:27:54Z,62860.00,0.99,0.01
2026-07-05T04:27:55Z,62859.99,0.99,0.01
2026-07-05T04:27:56Z,62860.00,0.99,0.01
2026-07-05T04:27:57Z,62860.00,0.99,0.01
2026-07-05T04:27:58Z,62860.00,0.99,0.01
2026-07-05T04:27:59Z,62860.00,0.99,0.01
2026-07-05T04:28:00Z,62860.00,0.99,0.01
2026-07-05T04:28:01Z,62859.99,0.99,0.01
2026-07-05T04:28:02Z,62859.99,0.99,0.01
2026-07-05T04:28:03Z,62859.99,0.99,0.01
2026-07-05T04:28:04Z,62859.99,0.99,0.01
2026-07-05T04:28:05Z,62859.99,0.99,0.01
2026-07-05T04:28:06Z,62860.00,0.99,0.01
2026-07-05T04:28:07Z,62860.00,0.99,0.01
2026-07-05T04:28:08Z,62860.00,0.99,0.01
2026-07-05T04:28:09Z,62860.00,0.99,0.01
2026-07-05T04:28:10Z,62860.00,0.99,0.01
2026-07-05T04:28:11Z,62860.00,0.99,0.01
2026-07-05T04:28:12Z,62860.00,0.99,0.01
2026-07-05T04:28:13Z,62860.00,0.99,0.01
2026-07-05T04:28:14Z,62860.00,0.99,0.01
2026-07-05T04:28:15Z,62860.00,0.99,0.01
2026-07-05T04:28:16Z,62859.99,0.99,0.01
2026-07-05T04:28:17Z,62860.00,0.99,0.01
2026-07-05T04:28:18Z,62860.00,0.99,0.01
2026-07-05T04:28:19Z,62860.00,0.99,0.01
2026-07-05T04:28:20Z,62860.00,0.99,0.01
2026-07-05T04:28:21Z,62860.00,0.99,0.01
2026-07-05T04:28:22Z,62860.00,1.00,0.00
2026-07-05T04:28:23Z,62860.00,1.00,0.00
2026-07-05T04:28:24Z,62860.00,1.00,0.00
2026-07-05T04:28:25Z,62859.99,1.00,0.00
2026-07-05T04:28:26Z,62859.99,1.00,0.00
2026-07-05T04:28:27Z,62860.00,1.00,0.00
2026-07-05T04:28:28Z,62860.00,1.00,0.00
2026-07-05T04:28:29Z,62859.99,1.00,0.00
2026-07-05T04:28:30Z,62860.00,1.00,0.00
2026-07-05T04:28:31Z,62860.00,1.00,0.00
2026-07-05T04:28:32Z,62860.00,1.00,0.00
2026-07-05T04:28:33Z,62860.00,1.00,0.00
2026-07-05T04:28:34Z,62859.99,0.99,0.01
2026-07-05T04:28:35Z,62859.99,0.99,0.01
2026-07-05T04:28:36Z,62859.99,0.99,0.01
2026-07-05T04:28:37Z,62859.99,0.99,0.01
2026-07-05T04:28:38Z,62860.00,0.99,0.01
2026-07-05T04:28:39Z,62860.00,0.99,0.01
2026-07-05T04:28:40Z,62860.00,0.99,0.01
2026-07-05T04:28:41Z,62859.99,0.99,0.01
2026-07-05T04:28:42Z,62859.99,0.99,0.01
2026-07-05T04:28:43Z,62860.00,0.99,0.01
2026-07-05T04:28:44Z,62860.00,0.99,0.01
2026-07-05T04:28:45Z,62860.00,0.99,0.01
2026-07-05T04:28:46Z,62866.27,1.00,0.00
2026-07-05T04:28:47Z,62866.27,1.00,0.00
2026-07-05T04:28:48Z,62866.27,1.00,0.00
2026-07-05T04:28:49Z,62866.26,1.00,0.00
2026-07-05T04:28:50Z,62866.26,1.00,0.00
2026-07-05T04:28:51Z,62866.26,1.00,0.00
2026-07-05T04:28:52Z,62866.26,1.00,0.00
2026-07-05T04:28:53Z,62866.27,1.00,0.00
2026-07-05T04:28:54Z,62866.27,1.00,0.00
2026-07-05T04:28:55Z,62866.27,1.00,0.00
2026-07-05T04:28:56Z,62866.27,1.00,0.00
2026-07-05T04:28:58Z,62866.27,1.00,0.00
2026-07-05T04:28:59Z,62866.27,1.00,0.00
2026-07-05T04:29:00Z,62866.27,1.00,0.00
2026-07-05T04:29:01Z,62866.27,1.00,0.00
2026-07-05T04:29:02Z,62866.27,1.00,0.00
2026-07-05T04:29:03Z,62866.27,1.00,0.00
2026-07-05T04:29:04Z,62866.27,1.00,0.00
2026-07-05T04:29:05Z,62866.27,0.99,0.00
2026-07-05T04:29:06Z,62864.92,1.00,0.00
2026-07-05T04:29:07Z,62863.57,1.00,0.00
2026-07-05T04:29:08Z,62863.57,1.00,0.00
2026-07-05T04:29:09Z,62863.57,1.00,0.00
2026-07-05T04:29:10Z,62863.57,1.00,0.00
2026-07-05T04:29:11Z,62863.57,1.00,0.00
2026-07-05T04:29:12Z,62863.57,1.00,0.00
2026-07-05T04:29:13Z,62863.57,0.99,0.00
2026-07-05T04:29:14Z,62863.57,0.99,0.00
2026-07-05T04:29:15Z,62863.57,0.99,0.00
2026-07-05T04:29:16Z,62863.57,0.99,0.00
2026-07-05T04:29:17Z,62863.57,0.99,0.00
2026-07-05T04:29:18Z,62863.57,0.99,0.00
2026-07-05T04:29:19Z,62863.56,0.99,0.00
2026-07-05T04:29:20Z,62863.56,0.99,0.00
2026-07-05T04:29:21Z,62863.56,0.99,0.00
2026-07-05T04:29:22Z,62863.57,0.99,0.00
2026-07-05T04:29:23Z,62863.56,0.99,0.00
2026-07-05T04:29:24Z,62863.57,0.99,0.00
2026-07-05T04:29:25Z,62863.57,0.99,0.00
2026-07-05T04:29:26Z,62863.57,0.99,0.00
2026-07-05T04:29:27Z,62863.57,0.99,0.00
2026-07-05T04:29:28Z,62863.03,0.99,0.00
2026-07-05T04:29:29Z,62862.48,0.99,0.00
2026-07-05T04:29:30Z,62862.49,0.99,0.00
2026-07-05T04:29:31Z,62862.48,0.99,0.00
2026-07-05T04:29:32Z,62862.48,0.99,0.00
2026-07-05T04:29:33Z,62862.48,0.99,0.00
2026-07-05T04:29:34Z,62862.48,0.99,0.00
2026-07-05T04:29:35Z,62862.48,0.99,0.00
2026-07-05T04:29:36Z,62862.49,0.99,0.00
2026-07-05T04:29:37Z,62862.49,0.99,0.00
2026-07-05T04:29:38Z,62862.49,0.99,0.00
2026-07-05T04:29:39Z,62862.49,0.99,0.00
2026-07-05T04:29:40Z,62862.49,0.99,0.00
2026-07-05T04:29:41Z,62862.49,1.00,0.00
2026-07-05T04:29:42Z,62862.49,1.00,0.00
2026-07-05T04:29:43Z,62862.49,1.00,0.00
2026-07-05T04:29:44Z,62862.49,1.00,0.00
2026-07-05T04:29:45Z,62862.48,1.00,0.00
2026-07-05T04:29:46Z,62864.92,1.00,0.00
2026-07-05T04:29:47Z,62864.92,1.00,0.00
2026-07-05T04:29:48Z,62864.92,1.00,0.00
2026-07-05T04:29:49Z,62864.91,1.00,0.00
2026-07-05T04:29:50Z,62866.01,1.00,0.00
2026-07-05T04:29:51Z,62866.01,1.00,0.00
2026-07-05T04:29:52Z,62866.01,1.00,0.00
2026-07-05T04:29:53Z,62866.02,1.00,0.00
2026-07-05T04:29:54Z,62866.01,1.00,0.00
2026-07-05T04:29:55Z,62866.02,1.00,0.00
2026-07-05T04:29:56Z,62866.01,1.00,0.00
2026-07-05T04:29:57Z,62866.01,1.00,0.00
2026-07-05T04:29:58Z,62866.01,1.00,0.00
2026-07-05T04:29:59Z,62866.02,1.00,0.00
2026-07-05T04:30:00Z,62866.01,1.00,0.00
2026-07-05T04:30:01Z,62866.02,1.00,0.00
2026-07-05T04:30:02Z,62866.02,1.00,0.00
